tile_id,date,actual_temperature,predicted_temperature,residual,split
7,2024-01-15,39.3804,39.6831561736585,0.3027561736585014,test
8,2024-01-15,39.4325,39.67116346051503,0.23866346051503484,test
426,2024-01-15,39.427,39.67040204533172,0.24340204533172027,test
814,2024-01-15,39.4538,39.670885076480545,0.21708507648054365,test
844,2024-01-15,39.3848,39.66948465624717,0.28468465624717254,test
8,2024-01-28,39.4325,39.62910728995507,0.19660728995507526,test
420,2024-01-28,39.4395,39.625115974386404,0.1856159743864012,test
814,2024-01-28,39.4538,39.62526956021492,0.17146956021491633,test
844,2024-01-28,39.3848,39.62355376716525,0.23875376716524954,test
